#;Nível;Enigma;Resposta
1;Fácil;O que é que quanto mais se tira, maior fica?;Buraco
2;Fácil;O que tem dentes, mas não morde?;Pente
3;Fácil;O que tem cabeça e tem dente, mas não é gente?;Alho
4;Fácil;"O que corre, mas nunca anda; tem leito, mas nunca dorme?";Rio
5;Fácil;O que sobe e desce sem sair do lugar?;Escada
6;Fácil;O que tem mãos, mas não pode bater palmas?;Relógio
7;Fácil;O que tem olhos, mas não vê?;Batata
8;Fácil;O que fica molhado enquanto seca?;Toalha
9;Fácil;O que pode viajar pelo mundo inteiro sem sair do lugar?;Selo
10;Fácil;O que tem pescoço, mas não tem cabeça?;Garrafa
11;Fácil;O que nasce grande e morre pequeno?;Lápis
12;Fácil;O que tem quatro pernas, mas não anda?;Mesa
13;Fácil;O que quanto mais quente fica, mais fresco parece?;Pimenta
14;Fácil;O que você quebra antes de usar?;Ovo
15;Fácil;O que tem folhas, mas não é árvore?;Livro
16;Fácil;O que tem uma boca, mas não fala?;Garrafa
17;Fácil;O que desaparece assim que você fala seu nome?;Silêncio
18;Fácil;O que é cheio de buracos, mas consegue segurar água?;Esponja
19;Fácil;O que tem uma cabeça, uma cauda, mas não tem corpo?;Moeda
20;Fácil;O que sempre vem, mas nunca chega?;Amanhã
21;Fácil;O que fica no meio do ovo?;A letra V
22;Fácil;O que tem pernas e não anda, tem assento e não senta?;Cadeira
23;Fácil;O que é seu, mas outras pessoas usam mais do que você?;Seu nome
24;Fácil;O que tem teclas, mas não abre portas?;Teclado
25;Fácil;O que ilumina uma sala inteira sem ocupar espaço?;Luz
26;Fácil;"O que tem asas, mas não é pássaro; voa, mas não tem vida?";Avião
27;Fácil;O que quanto mais cresce, menos você enxerga?;Escuridão
28;Fácil;O que cai em pé e corre deitado?;Chuva
29;Fácil;O que tem cordas, mas não é barco?;Violão
30;Fácil;O que é preto quando você compra, vermelho quando usa e cinza quando joga fora?;Carvão
31;Fácil;O que pode ser visto uma vez em um minuto, duas vezes em um momento e nenhuma vez em mil anos?;A letra M
32;Fácil;O que é que passa diante do sol sem fazer sombra?;O vento
33;Fácil;O que tem cidades, rios e montanhas, mas não tem casas, água ou pedras?;Mapa
34;Fácil;O que tem um pé, mas não anda?;Planta
35;Intermediário;Dois pais e dois filhos foram pescar. Cada um pescou um peixe, mas trouxeram apenas três peixes. Como?;Eram avô, pai e filho
36;Intermediário;Um homem entrou em uma casa sem porta, sem janela e sem quebrar nada. Como?;Entrou por uma porta que estava aberta
37;Intermediário;O que pode encher uma sala, mas não ocupa espaço?;Luz
38;Intermediário;Quanto mais você corre atrás de mim, mais eu fico longe. O que sou?;Horizonte
39;Intermediário;Tenho chaves, mas não abro fechaduras. Tenho espaço, mas não tenho quartos. O que sou?;Teclado
40;Intermediário;Um homem olha para uma fotografia e diz: “Irmãos e irmãs eu não tenho, mas o pai desse homem é filho do meu pai.” Quem está na foto?;O filho dele
41;Intermediário;Se você me tem, quer compartilhar. Se compartilhar, deixa de me ter. O que sou?;Segredo
42;Intermediário;O que pode quebrar sem ser tocado?;Promessa
43;Intermediário;O que tem 13 corações, mas nenhum outro órgão?;Baralho
44;Intermediário;"O que tem palavras, mas nunca fala; páginas, mas nunca lê?";Livro
45;Intermediário;Você está em uma corrida e ultrapassa o segundo colocado. Em que posição fica?;Segundo
46;Intermediário;Um avião cai exatamente na fronteira entre dois países. Onde enterram os sobreviventes?;Não enterram sobreviventes
47;Intermediário;O que pode ser capturado, mas nunca lançado?;Resfriado
48;Intermediário;Tenho cabeça e cauda, sou marrom e não tenho pernas. O que sou?;Moeda
49;Intermediário;O que quanto mais você compartilha, mais você tem?;Conhecimento
50;Intermediário;O que está sempre na sua frente, mas você nunca consegue enxergar?;Futuro
51;Intermediário;Um relógio bate 6 vezes em 5 segundos. Quanto tempo leva para bater 12 vezes?;11 segundos
52;Intermediário;Um fazendeiro tinha 17 ovelhas. Todas, menos 9, morreram. Quantas sobraram?;9
53;Intermediário;Você tem uma caixa com fósforos, uma vela e um lampião. O que acende primeiro?;O fósforo
54;Intermediário;O que tem muitos anéis, mas nenhum dedo?;Árvore
55;Intermediário;O que pode correr sem pernas, chorar sem olhos e ter boca sem falar?;Nuvem
56;Intermediário;Uma mulher tem quatro filhas e cada filha tem um irmão. Quantos filhos ela tem?;5
57;Intermediário;O que é tão frágil que, quando você fala seu nome, o quebra?;Silêncio
58;Intermediário;O que sobe quando a chuva desce?;Guarda-chuva
59;Intermediário;Tenho um olho, mas não consigo enxergar. O que sou?;Agulha
60;Intermediário;Se ontem fosse amanhã, hoje seria sexta-feira. Que dia é hoje?;Quarta-feira
61;Intermediário;O que começa com E, termina com E e contém apenas uma letra?;Envelope
62;Intermediário;Um quarto tem quatro cantos. Em cada canto há um gato. Cada gato vê três gatos. Quantos gatos há?;4
63;Intermediário;O que você pode segurar sem usar as mãos?;A respiração
64;Intermediário;O que sempre aumenta e nunca diminui?;Idade
65;Intermediário;"Tenho números, mas não sei contar; tenho ponteiros, mas não sei apontar. O que sou?";Relógio
66;Intermediário;Se há três maçãs e você pega duas, quantas você tem?;2
67;Intermediário;O que é mais pesado: 1 kg de ferro ou 1 kg de algodão?;Pesam o mesmo
68;Intermediário;Um homem nasceu em 2000 e morreu em 2000 aos 80 anos. Como isso é possível?;2000 era o número do quarto/endereço
69;Difícil;Você tem duas cordas. Cada uma leva exatamente uma hora para queimar, mas queimam de maneira irregular. Como medir exatamente 45 minutos?;"Acenda uma corda pelas duas pontas e a outra por uma ponta; quando a primeira acabar, acenda a outra ponta da segunda"
70;Difícil;Há três interruptores fora de uma sala e uma lâmpada dentro. Você pode entrar na sala apenas uma vez. Como descobrir qual interruptor acende a lâmpada?;"Ligue um, espere, desligue; ligue outro e entre. Acesa = segundo; apagada quente = primeiro; apagada fria = terceiro"
71;Difícil;Um homem precisa atravessar um rio com uma raposa, uma galinha e um saco de milho. Só pode levar um por vez. Como faz?;"Leva galinha, volta; leva raposa, traz galinha; leva milho, volta; leva galinha"
72;Difícil;Você tem 8 bolas idênticas, mas uma é mais pesada. Com uma balança de dois pratos, qual o menor número de pesagens para encontrá-la?;2
73;Difícil;Um homem está preso em uma sala com duas portas: uma leva à liberdade e outra à morte. Há dois guardas: um sempre mente e outro sempre diz a verdade. Você pode fazer uma pergunta. Qual?;“Qual porta o outro guarda diria que leva à liberdade?” e escolher a oposta
74;Difícil;Há cinco casas de cores diferentes, cinco pessoas, cinco bebidas, cinco animais e cinco profissões. Cada pista relaciona dois elementos. Qual é a forma clássica de resolver esse enigma?;Tabela de lógica/dedução
75;Difícil;Um pai e seu filho sofrem um acidente. O pai morre. No hospital, o cirurgião diz: “Não posso operar, ele é meu filho.” Como?;O cirurgião é a mãe
76;Difícil;Um homem empurra seu carro até um hotel e imediatamente perde toda sua fortuna. O que aconteceu?;Ele estava jogando Banco Imobiliário
77;Difícil;Há três caixas: “maçãs”, “laranjas” e “maçãs e laranjas”. Todas as etiquetas estão erradas. Você pode retirar apenas uma fruta de uma caixa. Como corrigir todas?;Retire da caixa “maçãs e laranjas” e use a fruta para deduzir as outras
78;Difícil;Você tem 100 prisioneiros e 100 caixas, cada uma contendo um número. Cada prisioneiro pode abrir 50 caixas. Existe uma estratégia que aumenta muito a chance de todos encontrarem seus números. Qual?;Seguir os ciclos/permutação começando pelo próprio número
79;Difícil;Um homem entra em um restaurante e pede água. O garçom aponta uma arma para ele. O homem agradece e vai embora. Por quê?;"Ele estava com soluço; o susto resolveu"
80;Difícil;Um relógio de ponteiros marca exatamente 3:15. Qual é o menor ângulo entre os ponteiros?;7,5°
81;Difícil;Você possui uma ampulheta de 7 minutos e outra de 11 minutos. Como medir exatamente 15 minutos?;"Inicie ambas; ao acabar a de 7, vire-a; ao acabar a de 11, vire a de 7 novamente; quando ela acabar, terão passado 15 minutos"
82;Difícil;Um homem olha para um prédio de 20 andares. Todos os dias ele pega o elevador até o 10º andar e sobe o restante pelas escadas. Em dias de chuva ele vai direto ao 20º. Por quê?;Ele é baixo e usa o guarda-chuva para alcançar o botão do 20º
83;Difícil;Você tem 12 moedas, uma falsa, que pode ser mais pesada ou mais leve. Como identificá-la em apenas 3 pesagens?;Usando uma estratégia de divisão em grupos e comparação sistemática
84;Difícil;Um prisioneiro recebe duas pílulas, uma venenosa e uma segura, visualmente idênticas. Ele deve escolher uma e o guarda fica com a outra. O prisioneiro sempre sobrevive. Como?;"Ele toma uma e descarta a outra; o guarda fica com a restante"
85;Difícil;Um homem tem quatro cartas: A, D, 4 e 7. Regra: “Se há uma vogal de um lado, então há número par do outro.” Quais cartas precisam ser viradas para testar a regra?;A e 7
86;Difícil;"Você tem uma sala com 100 lâmpadas desligadas. Na primeira rodada liga todas; na segunda muda o estado das múltiplas de 2; na terceira das múltiplas de 3, e assim por diante. Quais ficam acesas?";As posições que são quadrados perfeitos
87;Difícil;Um relógio adianta 5 minutos a cada hora. Ele foi acertado ao meio-dia. Quando marcará novamente a hora correta?;Após 144 horas, ou 6 dias
88;Difícil;Um homem está em uma ilha e vê três pessoas usando chapéus. Existem três chapéus pretos e dois brancos. Cada pessoa vê os outros, mas não o próprio. Após silêncio, um deles descobre a cor do próprio chapéu. Como?;Pela cadeia de deduções baseada no silêncio dos outros
89;Difícil;Você tem dois recipientes, um de 5 litros e outro de 3 litros. Como medir exatamente 4 litros?;Encha o de 5, transfira para o de 3, esvazie o de 3, transfira os 2 restantes, encha o de 5 e complete o de 3
90;Difícil;Um homem precisa escolher entre três caminhos. Um tem leões que não comem há três anos, outro tem assassinos armados e o terceiro tem fogo intenso. Qual é o mais seguro?;O caminho dos leões, pois provavelmente já morreram
91;Difícil;Há uma sequência: 1, 11, 21, 1211, 111221... Qual é o próximo número?;312211
92;Difícil;Qual número continua a sequência: 2, 3, 5, 9, 17, 33, ?;65
93;Difícil;Um homem tem 10 sacos de moedas. Um saco contém moedas falsas que pesam 9 g, os demais pesam 10 g. Com uma única pesagem, como descobrir o saco?;"Pegue 1 moeda do saco 1, 2 do saco 2 etc.; a diferença de peso indica o saco"
94;Difícil;Você tem três relógios: um parado, um atrasado e um adiantado. Qual deles está certo duas vezes por dia?;O relógio parado
95;Difícil;Um barco está cheio de pessoas, mas não há uma única pessoa solteira a bordo. Como isso é possível?;Todos são casados
96;Difícil;Um homem diz: “Anteontem eu tinha 25 anos, mas no ano que vem farei 28.” Como?;Hoje é 1º de janeiro e o aniversário dele é 31 de dezembro
97;Difícil;Uma família tem cinco filhos. Cada filho tem uma irmã. Quantas crianças há na família?;6
98;Difícil;Você entra em uma sala escura com um fósforo. Há uma vela, um lampião e uma lareira. O que acende primeiro?;O fósforo
99;Difícil;Há uma palavra que, se escrita corretamente, fica “errada”. Qual é?;“Errada”
100;Difícil;"Um homem precisa escolher uma senha de quatro dígitos. As pistas são: 682 — um número correto e na posição correta; 614 — um número correto, mas na posição errada; 206 — dois números corretos, mas nas posições erradas; 738 — nenhum correto; 780 — um número correto, mas na posição errada. Qual é a senha?";42
